null,
P25,
P88,
P81,
P3,
P69,
P9,
null,
P36,
null,
null,
null,
null,
null,
null,
P99,
P6,
P65,
P21,
P77,
P35,
P1,
null,
null,
P50,
P93,
P97,
P91,
P64,
null,
null,
null,
null,
null,
P46,
null,
null,
null,
P98,
P24,
null,
null,
null,
null,
null,
null,
null,
null,
P49,
P101,
P23,
null,
null,
null,
null,
null,
P96,
P94,
P92,
null,
P76,
P31,
P86,
P15,
P34,
P66,
null,
null,
null,
null,
P105,
P116,
null,
null,
null,
null,
P82,
P112,
P72,
P80,
P70,
P16,
null,
P100,
P27,
null,
null,
null,
P45,
null,
null,
null,
null,
P20,
P22,
null,
null,
null,
null,
P106,
P47,
P85,
P83,
null,
null,
P33,
P53,
null,
null,
null,
P11,
null,
null,
P117,
P37,
null,
null,
null,
null,
null,
null,
null,
null,
null,
null,
null,
null,
null,
null,
P84,
P26,
P109,
P113,
null,
null,
null,
null,
null,
null,
null,
P78,
null,
null,
null,
null,
null,
null,
null,
null,
null,
null,
null,
P48,
P32,
P13,
null,
P41,
null,
null,
null,
null,
null,
null,
null,
null,
null,
null,
null,
null,
P71,
null,
null,
null,
null,
null,
null,
null,
null,
null,
null,
null,
P115,
null,
P111,
P58,
null,
null,
null,
P12,
P57,
P104,
P110,
P108,
P102,
null,
null,
null,
P79,
P17,
P52,
P39,
P59,
null,
P68,
P55,
P89,
P43,
null,
null,
null,
null,
null,
P8,
P74,
null,
P75,
null,
null,
null,
P51,
null,
null,
P62,
null,
null,
null,
null,
null,
null,
P19,
null,
null,
null,
P14,
null,
P95,
null,
null,
null,
null,
null,
null,
P73,
P5,
P10,
P114,
null,
null,
null,
null,
null,
null,
null,
null,
null,
P2,
P54,
null,
P29,
P28,
P4,
P87,
null,
null,
null,
null,
null,
P61,
P42,
null,
P40,
P30,
P56,
P60,
P7,
P67,
P63,
null,
null,
null,
null,
null,
P44,
null,
null,
null,
P90,
P118,
P107,
P38,
P103,
P18,
null,
null,
null,
null,
null,
null,
null,
null,
